Название,Состав,Ккал,Белки,Жиры,Углеводы
Батат фри,"Батат, соус блю чиз",210,"8,5","6,5",29
Белорыбица,"Филе белорыбицы, мука, картофель отварной, огурцы свежие, земля из маслин, соус тар-тар",630,26,40,42
Бефстроганов,"Говядина, лук, шампиньоны, сливки, сметана",370,26,28,2
Борщ с говядиной,"Говядина, капуста, свёкла, картофель, морковь",230,11,12,20
Брискет,"Соль, перец, копчение на ольховой щепе 20 часов",440,64,15,12
Булгур с овощами,"Булгур, перец болгарский, цуккини, баклажан",200,6,7,29
Бургер,"Говяжий бекон, котлета из говядины, сыр чеддер, огурцы маринованные, помидор, айсберг, лук фри, булочки пшеничные, соус для бургера",680,41,37,48
Винегрет,"Свёкла, морковь, картофель, солёные огурцы, горошек",150,3,9,15
Греческий,"Помидоры, огурцы, перец, сыр фета, оливки",150,2,13,6
Гречка на пару,"Гречневая крупа, растительное масло",230,8,12,24
Гуляш из говядины,"Говядина, лук, морковь, перец болгарский, томатная паста",200,17,10,10
Картофель по-деревенски,"Картофель, паприка, прованские травы",420,6,19,54
Картофель фри,Картофель фри,150,"3,5","0,5",33
Картофельное пюре,"Картофель, сливочное масло, сливки",130,4,3,23
Картофельный с грибами,"Картофель, шампиньоны, лук, сливки",130,4,7,14
Каша многозлаковая,"Хлопья многозлаковые, молоко, голубика, сублимированная малина",400,16,21,37
Каша овсяная,"Хлопья овсяные, молоко, голубика, сублимированная малина",280,"9,5",14,31
Каша рисовая,"Рис, молоко, голубика, сублимированная малина",230,9,9,28
Квашеная капуста,"Капуста белокочанная, морковь, масло",80,2,6,6
Копчёное ребро,"Соль, перец, копчение на ольховой щепе 20 часов",1990,81,179,12
Котлеты рыбные,"Треска, капуста, хлеб, яйцо, лук",210,12,11,17
Коул-слоу,"Капуста, морковь, майонез, сметана",130,2,11,7
Крабовый,"Яйцо, огурец, крабовые палочки, кукуруза, майонез",230,8,20,6
Крем-суп грибной,"Шампиньоны, картофель, лук, сливки",200,4,9,19
Куриная котлета,"Куриное бедро, лук, яйцо, панировка",290,20,20,6
Куриный шашлык,"Куриное бедро, паста карри, паприка",300,19,22,8
Куриный шницель,"Куриное филе и бедро, сыр",540,17,50,5
Курица отварная,"Филе куриное, соль, белый перец",390,50,19,"4,5"
Лапша куриная,"Куриный бульон, вермишель, курица, петрушка",100,9,4,10
Мимоза,"Картофель, морковь, яйцо, горбуша, майонез",320,15,25,9
Мини картофель,"Картофель мини, прованские травы",180,"3,5",6,29
Минтай с пармезаном,"Филе минтая, сухари панко, пармезан, зелень",340,28,19,12
Митболлы,"Говядина, курица, лук, томатный соус",330,15,21,18
Морковь по-корейски,"Морковь, чеснок, кунжут, специи",210,2,18,10
Овощи гриль,"Кабачок, баклажан, перец болгарский, шампиньоны",120,4,8,9
Овощи на тепане,"Морковь, цуккини, баклажан, перец, соевый соус",40,2,1,8
Оливье с курицей,"Картофель, морковь, горошек, огурцы, яйцо, курица, майонез",230,10,17,11
Омлет,С миксом салата и черри,390,21,23,24
Пряный рис,"Рис, карри, куркума, кориандр",300,5,7,54
Пюре картофельное,"Картофель, сливочное масло, сливки",130,"3,5",3,23
Рассольник,"Курица, картофель, перловая крупа, солёные огурцы",230,13,12,20
Рис басмати,Рис басмати на пару,300,"4,5",7,54
Рис пряный,"Рис, куркума",300,"4,5",7,54
Рис с овощами,"Рис, куркума, баклажан, цуккини",220,4,2,46
Рыба в кляре,"Филе трески, мука, яйцо, сок лимона",360,25,18,23
Салат катанезе,"Баклажаны, перец болгарский, цукини, маслины таджасские, оливки каламата, базилик, орехи кедровые, бальзамический крем, масло оливковое",330,"2,5",31,12
Салат с курицей терияки,"Куриное бедро, помидоры, микс салата, кинза, лук фри, авокадо, соус терияки, майонез, сыр пармезан, чипсы из тортильи",370,18,28,10
Салат с рукколой,"Руккола, авокадо, креветки с тимьяном и чесноком, помидоры, пармезан, соус винегрет",320,"3,5",30,"7,5"
Салат фермерский,"Помидоры, огурцы, листья романо",320,3,31,"9,5"
Свёкла с фетой,"Свёкла запечённая, фета, руккола, крем бальзамик",200,4,15,14
Скрэмбл,С миксом салата и черри,440,22,30,23
Стейк Денвер,"Альтернативный говяжий стейк (лопаточная часть), чёрный перец, кориандр, паприка, копчёная паприка, острый чили",720,31,48,42
Стейк Рибай,"Говядина (рибай), соль, перец, сливочное масло, розмарин, тимьян",430,34,31,4
Стейк лосося,"Филе лосося на коже, соус бер блан (лук шалот, тимьян, чеснок, белое вино, сливки, свежемолотый перец, сливочное масло)",490,13,48,"2,5"
Суп Минестроне,"Фасоль белая, цуккини, баклажан, болгарский перец, морковь, свежие брокколи, овощной бульон, соус песто, базилик",180,"4,5",9,19
Сырники со сметаной,"Творог, мука, разрыхлитель, яйцо",450,36,24,22
Сэндвич,"Тостовый хлеб, масло сливочное, помидоры, салат айсберг, соус цезарь, куриное пастрами, сыр пармезан",420,18,28,24
Томатный суп,"Сельдерей, лук, морковь, томаты в собственном соку, тимьян, чеснок",150,2,"4,5",25
Тост с форелью с/с,"Тост ржаной, соус гуакамоле (авокадо, сок лимона, перец чили), руккола, яйцо пашот, форель с/с, голландский соус (желтки яичные, сок лимона, сливочное масло)",570,14,46,26
Треска в кляре,"Филе трески, мука, яйцо, сок лимона",360,25,18,23
Уха ростовская,"Картофель, форель, треска, зелень",95,4,4,12
Харчо с курицей,"Куриный бульон, рис, томатная паста, чеснок, кинза",140,10,5,15
Цезарь с курицей,"Айсберг, пармезан, крутоны, курица, соус цезарь",190,10,15,5
Чимичанга,"Рваная говядина, помидоры, маринованные огурцы, чеснок сушеный, оливковое масло, соус чипотле-майонез",420,24,27,21
Шаурма,"Маринованное куриное бедро (кориандр, зира), огурцы, помидоры, соус белый BBQ",720,39,40,50
Щи из свежей капусты,"Капуста, картофель, морковь, говядина",200,8,12,14
Яичница из 3-х яиц,С миксом салата и черри,390,22,24,22